{
  "HOME": {
    "title": "Home",
    "href": "#",
    "subMenu": [
      { "title": "Homepage 1", "href": "/" },
      { "title": "Homepage 2", "href": "/homepages/homepage2" },
      { "title": "Homepage 3", "href": "/homepages/homepage3" },
      { "title": "Homepage 4", "href": "/homepages/homepage4" },
      { "title": "Homepage 5", "href": "/homepages/homepage5" }
    ]
  },
  "SHOP": {
    "title": "Shop",
    "href": "/shop/shop-grid-3-column",
    "subMenu": {
      "layout": [
        { "title": "Shop Fullwidth", "href": "/shop/shop-fullwidth" },
        { "title": "Shop 3 Column", "href": "/shop/shop-3-column" }
      ],
      "detail": [
        {
          "title": "Shop Detail Fullwidth",
          "href": "/shop/product-detail-fullwidth"
        },
        {
          "title": "Shop Detail Sidebar",
          "href": "/shop/product-detail-sidebar"
        }
      ],
      "pages": [
        { "title": "Checkout", "href": "/shop/checkout" },
        { "title": "Order Complete", "href": "/shop/order-complete" },
        { "title": "Wishlist", "href": "/shop/wishlist" },
        { "title": "Compare", "href": "/shop/compare" },
        { "title": "Cart", "href": "/shop/cart" }
      ]
    }
  },
  "BLOG": {
    "title": "Blog",
    "href": "/blog/blog-list-sidebar",
    "subMenu": [
      { "title": "Blog List Sidebar", "href": "/blog/blog-list-sidebar" },
      { "title": "Blog Grid 2 Column", "href": "/blog/blog-grid-2-column" },
      { "title": "Blog Grid Sidebar", "href": "/blog/blog-grid-sidebar" },
      { "title": "Blog Masonry", "href": "/blog/blog-masonry" },
      {
        "title": "Blog Grid 1 Column Sidebar",
        "href": "/blog/blog-grid-1-column-sidebar"
      },
      { "title": "Blog Detail Sidebar", "href": "/blog/blog-detail" }
    ]
  },
  "PAGES": {
    "title": "Pages",
    "href": "#",
    "subMenu": [
      { "title": "Login", "href": "/auth/login" },
      { "title": "Register", "href": "/auth/register" },
      { "title": "FAQ", "href": "/other/faq" },
      { "title": "Coming Soon", "href": "/other/coming-soon" },
      { "title": "Contact Us", "href": "/other/contact-us" }
    ]
  },
  "ABOUT": {
    "title": "About us",
    "href": "/other/about-us"
  }
}
