[
  {
    "title": "Home",
    "to": "/homepages/homepage1",
    "subMenu": [
      { "title": "Beauty Salon", "to": "/homepages/homepage1" },
      { "title": "Makeup Salon", "to": "/homepages/homepage2" },
      { "title": "Natural Shop", "to": "/homepages/homepage3" },
      { "title": "Spa Shop", "to": "/homepages/homepage4" },
      { "title": "Mask Shop", "to": "/homepages/homepage5" },
      { "title": "Skincare Shop", "to": "/homepages/homepage6" }
    ]
  },
  { "title": "Services", "to": "/other/services" },
  { "title": "About", "to": "/other/about" },
  {
    "title": "Shop",
    "to": "/shop/fullwidth-4col",

    "subMenu": [
      { "title": "Shop Fullwidth 4 Columns", "to": "/shop/fullwidth-4col" },
      { "title": "Shop Fullwidth 5 Columns", "to": "/shop/fullwidth-5col" },
      {
        "title": "Shop Fullwidth Left Sidebar",
        "to": "/shop/fullwidth-left-sidebar"
      },
      {
        "title": "Shop Fullwidth Right Sidebar",
        "to": "/shop/fullwidth-right-sidebar"
      },
      { "title": "Shop grid 4 Columns", "to": "/shop/grid-4col" },
      { "title": "Shop Grid 3 Columns", "to": "/shop/grid-3col" },
      { "title": "Shop Grid Sideber", "to": "/shop/grid-sidebar" },
      { "title": "Shop List Sidebar", "to": "/shop/list-sidebar" },
      {
        "title": "Product Detail",
        "to": "#"
      },
      { "title": "Shopping cart", "to": "/shop/cart" },
      { "title": "Checkout", "to": "/shop/checkout" },
      { "title": "Wish list", "to": "/shop/wishlist" }
    ]
  },
  { "title": "Blog", "to": "/blog" },
  { "title": "Contact", "to": "/other/contact" }
]
