[
  {
    "quote": "Amet consectetur adipiscing elit, eiusmo tempor incidunt labore et  dolore magna aliqua lacus velander set facilisis",
    "authorName": "Luke Gordon",
    "liveAt": "New york"
  },
  {
    "quote": "lorem ipsum dolor sit amet, consectet adipiscing elit, eiusmo tempor incidunt",
    "authorName": "Jack Wishere",
    "liveAt": "London"
  },
  {
    "quote": "Dolore magna aliqua lacus velander set facilisis adipiscing elit, eiusmo tempor incidunt labore et  ",
    "authorName": "Paul Pogba",
    "liveAt": "Paris"
  }
]
